Common,Botanical,Availability (in-store)
Bloodroot,Sanguinaria canadensis,2017-03-31
Columbine,Aquilegia canadensis,2017-03-31
Marsh Marigold,Caltha palustris,2017-03-31
Cowslip,Caltha palustris,2017-03-31
Dutchman's-Breeches,Dicentra cucullaria,2017-03-31
"Ginger, Wild",Asarum canadense,2017-03-31
Hepatica,Hepatica americana,2017-03-31
Liverleaf,Hepatica americana,2017-03-31
Jack-In-The-Pulpit,Arisaema triphyllum,2017-03-31
Mayapple,Podophyllum peltatum,2017-03-31
"Phlox, Woodland",Phlox divaricata,2017-03-31
"Phlox, Blue",Phlox divaricata,2017-03-31
